path,n_ecg,r_ecg,p_ecg,rho_ecg,p_rho_ecg,n_rr,r_rr,p_rr,rho_rr,p_rho_rr,meta_ecg_fe_r_fixed,meta_ecg_fe_ci_low,meta_ecg_fe_ci_high,meta_ecg_fe_p,meta_ecg_fe_k,meta_ecg_fe_n_total,meta_rr_fe_r_fixed,meta_rr_fe_ci_low,meta_rr_fe_ci_high,meta_rr_fe_p,meta_rr_fe_k,meta_rr_fe_n_total,meta_ecg_re_r_random,meta_ecg_re_ci_low,meta_ecg_re_ci_high,meta_ecg_re_p,meta_ecg_re_k,meta_ecg_re_n_total,meta_ecg_re_tau2,meta_ecg_re_Q,meta_ecg_re_I2,meta_ecg_re_se_z,meta_rr_re_r_random,meta_rr_re_ci_low,meta_rr_re_ci_high,meta_rr_re_p,meta_rr_re_k,meta_rr_re_n_total,meta_rr_re_tau2,meta_rr_re_Q,meta_rr_re_I2,meta_rr_re_se_z
data\Niketh_TEMP_ECG_after200000.csv,64,-0.45633079017733813,0.00015076446938515892,-0.5406593406593406,3.9903702788884375e-06,10,0.6858208149560143,0.028565572434932393,0.7665754816682585,0.009692461662261273,-0.4583662276782236,-0.5822348629966577,-0.3137007985973462,1.271243310618786e-08,2,138,0.6375058096422648,0.22615028359244388,0.8558956683626783,0.004786495090575382,2,20,-0.4583662276782236,-0.5822348629966577,-0.3137007985973462,1.271243310618786e-08,2,138,0.0,0.000751264553039194,0.0,0.08703882797784893,0.6375058096422648,0.22615028359244388,0.8558956683626783,0.004786495090575382,2,20,0.0,0.10369251936386928,0.0,0.2672612419124244
data\Williams-Temp-and-ECG_cols3-2_from54500.csv,74,-0.4601111531597468,3.7160925781871624e-05,-0.3743414270553285,0.0010172053357096343,10,0.5835960694240323,0.07653348513379919,0.5448387720947954,0.10339992138021925,-0.4583662276782236,-0.5822348629966577,-0.3137007985973462,1.271243310618786e-08,2,138,0.6375058096422648,0.22615028359244388,0.8558956683626783,0.004786495090575382,2,20,-0.4583662276782236,-0.5822348629966577,-0.3137007985973462,1.271243310618786e-08,2,138,0.0,0.000751264553039194,0.0,0.08703882797784893,0.6375058096422648,0.22615028359244388,0.8558956683626783,0.004786495090575382,2,20,0.0,0.10369251936386928,0.0,0.2672612419124244
